{"cameraMode":{"drawMode":0,"name":"Shaded","section":"Shading Mode"},"sceneLighting":true,"audioPlay":false,"sceneViewState":{"showFog":true,"showMaterialUpdate":false,"showSkybox":true,"showFlares":true,"showImageEffects":true,"showParticleSystems":true},"in2DMode":false,"pivot":{"x":25.84265899658203,"y":55.902828216552737,"z":-226.51895141601563},"rotation":{"x":-0.05727819353342056,"y":-0.002399071352556348,"z":0.0001376368454657495,"w":-0.998356819152832},"size":5.5680975914001469,"orthographic":false}