{"cameraMode":{"drawMode":0,"name":"Shaded","section":"Shading Mode"},"sceneLighting":true,"audioPlay":false,"sceneViewState":{"showFog":true,"showMaterialUpdate":false,"showSkybox":true,"showFlares":true,"showImageEffects":true,"showParticleSystems":true},"in2DMode":false,"pivot":{"x":196.9417266845703,"y":243.9178466796875,"z":3.1571044921875},"rotation":{"x":0.007809679955244064,"y":0.0018101708265021444,"z":-0.000014413508324651048,"w":0.9999699592590332},"size":383.69586181640627,"orthographic":false}